id_siswa,durasi_klik,waktu_modul,ulang_video,skor_kuis,login_frekuensi
S-0001,358.89,15.08,1,16.78,1
S-0002,1731.27,83.70,2,36.04,6
S-0003,321.16,13.88,0,14.86,3
S-0004,221.01,16.92,1,73.79,1
S-0005,1603.48,48.91,1,100.00,4
S-0006,299.19,20.04,1,50.83,0
S-0007,1232.29,53.30,2,91.96,7
S-0008,1029.65,52.64,1,100.00,5
S-0009,1750.08,75.25,8,43.77,6
S-0010,316.20,12.09,0,82.11,2
S-0011,2001.26,112.93,4,81.47,3
S-0012,443.09,16.36,1,37.40,2
S-0013,204.44,11.19,1,42.52,1
S-0014,255.97,17.55,1,60.36,0
S-0015,1599.68,117.53,5,70.75,4
S-0016,1641.05,93.15,6,96.13,6
S-0017,2253.13,79.37,3,70.86,5
S-0018,272.48,17.52,1,33.37,1
S-0019,369.21,17.37,0,54.30,2
S-0020,2217.47,79.76,4,68.23,6
S-0021,1354.49,52.40,1,100.00,6
S-0022,2008.35,90.23,2,49.18,4
S-0023,2821.01,119.14,7,53.52,5
S-0024,2394.12,87.62,2,56.30,3
S-0025,2336266.26,71.94,5,63.33,5
S-0026,381.82,17.72,1,24.03,0
S-0027,2129.23,88.38,8,60.99,5
S-0028,2278.09,105.71,6,88.53,4
S-0029,1804.83,44.57,0,100.00,5
S-0030,1874.94,92.79,8,49.97,5
S-0031,83.62,12.79,0,51.30,1
S-0032,187.71,18.48,0,33.75,2
S-0033,180.98,12.02,,10.00,1
S-0034,1742.49,58.84,7,54.69,3
S-0035,293.66,17.19,,54.36,0
S-0036,173.29,10.73,1,35.81,1
S-0037,3155.29,69.29,8,42.89,6
S-0038,1471.91,68.73,9,87.88,4
S-0039,2252.31,109.02,4,41.51,5
S-0040,3122123.06,88.95,9,53.21,5
S-0041,3341.18,96.22,9,81.61,6
S-0042,1371.38,39.81,1,85.02,4
S-0043,2600.51,95.03,6,62.89,5
S-0044,1833.90,107.51,3,63.57,5
S-0045,2317.80,96.17,,46.23,4
S-0046,1994.93,87.08,4,75.16,4
S-0047,2585.05,76.31,4,43.68,6
S-0048,338.98,10.18,1,10.00,2
S-0049,1000.55,31.21,2,86.25,4
S-0050,3002.59,86.00,6,78.38,7
S-0051,240.34,23.04,0,17.51,1
S-0052,512.09,9.90,0,43.70,1
S-0053,1884.59,41.64,2,94.52,3
S-0054,401.05,12.19,1,16.94,0
S-0055,1570.39,54.68,6,83.12,4
S-0056,123.91,21.78,1,49.50,0
S-0057,2508118.48,80.88,3,74.77,3
S-0058,1320.19,96.59,8,46.85,6
S-0059,1530.59,49.39,2,92.02,4
S-0060,384.08,13.23,0,37.15,1
S-0061,2327.97,92.00,,60.14,5
S-0062,382.81,6.93,1,10.00,3
S-0063,3100.36,86.11,2,53.52,6
S-0064,184.97,10.39,,56.21,1
S-0065,2832.88,98.77,4,75.49,5
S-0066,304.19,12.02,1,34.94,3
S-0067,207.85,12.50,1,34.99,1
S-0068,2147400.69,109.04,4,47.21,4
S-0069,1355.22,60.47,2,81.29,4
S-0070,2080.13,92.16,5,60.27,4
S-0071,2468.67,75.62,5,51.97,5
S-0072,231.81,27.68,1,63.28,0
S-0073,329.20,9.06,0,27.30,1
S-0074,1816741.42,58.52,1,70.00,4
S-0075,408.13,16.30,1,11.05,1
S-0076,500.00,38.91,1,88.96,3
S-0077,1739.65,69.64,3,32.30,5
S-0078,106.72,22.37,0,32.20,2
S-0079,276.55,16.77,1,10.00,1
S-0080,2065781.28,119.30,5,67.91,6
S-0081,330.12,11.89,1,30.28,1
S-0082,246.08,13.89,1,48.78,0
S-0083,1490.01,61.99,2,91.90,4
S-0084,278.26,13.11,1,38.03,2
S-0085,2188.71,81.88,6,67.61,5
S-0086,2539.67,88.83,5,64.95,4
S-0087,1027226.10,40.76,0,97.67,3
S-0088,1492.88,-35.64,,87.13,6
S-0089,1039.10,43.13,0,81.98,4
S-0090,647.45,44.49,1,91.20,2
S-0091,1988.33,69.03,9,75.52,5
S-0092,994.53,43.34,1,95.28,6
S-0093,254.96,14.82,1,45.44,2
S-0094,2044.68,75.38,5,74.77,4
S-0095,987800.06,30.00,0,84.45,3
S-0096,285098.48,14.18,1,50.61,1
S-0097,432.55,19.69,0,47.66,1
S-0098,377886.71,15.64,1,49.80,2
S-0099,356783.61,12.96,0,69.16,1
S-0100,1682.41,44.59,2,87.19,4
S-0101,2507.54,75.06,6,40.43,4
S-0102,2301.94,83.50,,74.06,7
S-0103,221.80,17.21,0,53.68,2
S-0104,1190.82,-40.96,1,86.03,2
S-0105,2385.39,85.61,,50.99,5
S-0106,230.31,16.40,1,42.95,1
S-0107,1838.66,76.96,6,82.99,5
S-0108,457.48,20.08,0,41.59,2
S-0109,377.50,13.02,0,28.89,0
S-0110,2151.62,86.72,7,63.84,6
S-0111,1193.32,50.42,0,82.80,3
S-0112,1628.08,30.00,1,100.00,3
S-0113,132.72,14.17,1,64.51,2
S-0114,461067.44,16.92,,30.18,1
S-0115,2039.50,103.46,3,46.27,5
S-0116,225987.97,14.73,1,50.68,1
S-0117,274.80,-8.59,0,36.95,2
S-0118,289.48,14.02,0,36.39,1
S-0119,2086745.24,92.89,5,74.34,3
S-0120,1419.73,35.22,4,86.55,5
S-0121,177.72,17.67,0,34.28,2
S-0122,1388.24,55.57,2,80.88,4
S-0123,1253.11,30.00,1,94.54,3
S-0124,2472579.30,58.59,7,77.20,6
S-0125,1126.85,39.24,0,89.42,5
S-0126,332563.68,15.35,0,38.81,0
S-0127,309.19,10.09,1,26.50,1
S-0128,1573.33,51.65,1,83.81,3
S-0129,532.47,50.66,4,87.43,2
S-0130,356.79,12.05,1,23.44,0
S-0131,1196.26,37.75,1,92.42,4
S-0132,409.30,15.14,1,45.14,3
S-0133,1293137.33,39.00,2,95.64,5
S-0134,2760.79,66.92,8,81.01,6
S-0135,1269.68,37.72,1,96.22,4
S-0136,319.20,15.94,1,23.13,1
S-0137,2035.21,58.26,0,88.72,4
S-0138,796770.62,57.59,0,78.72,5
S-0139,1373.55,57.47,1,100.00,5
S-0140,3424.70,74.39,5,79.74,5
S-0141,2125.29,123.25,10,77.45,4
S-0142,234.53,17.80,0,35.78,0
S-0143,251.28,14.58,1,68.27,2
S-0144,1426.06,40.80,1,83.00,5
S-0145,2719.58,65.70,7,76.41,4
S-0146,1185.38,36.54,1,93.74,4
S-0147,3246462.71,111.59,6,64.97,5
S-0148,2411.44,86.32,8,62.69,6
S-0149,1371101.57,51.05,0,99.95,5
S-0150,1250.91,43.22,2,100.00,4
S-0151,296.99,12.12,0,52.47,0
S-0152,306.98,12.04,0,49.81,0
S-0153,2296.26,83.26,6,71.08,4
S-0154,111.16,19.22,0,31.48,1
S-0155,289.30,19.99,1,42.08,1
S-0156,1576399.51,34.13,2,89.34,5
S-0157,1944.05,85.42,,58.54,5
S-0158,1543.82,88.61,6,71.15,4
S-0159,2839.83,71.47,4,47.05,5
S-0160,1308.82,67.25,1,96.95,3
S-0161,244.33,14.13,1,45.39,3
S-0162,2221.09,101.50,7,42.13,6
S-0163,2384.01,82.10,4,72.54,6
S-0164,258.32,20.21,1,44.08,1
S-0165,366.12,21.43,1,27.98,0
S-0166,2730.39,109.49,,65.05,4
S-0167,2504.09,105.93,3,51.24,5
S-0168,2627.50,77.69,3,85.90,6
S-0169,2652.41,95.36,5,64.27,3
S-0170,281308.97,-22.42,1,54.11,3
S-0171,153.71,5.00,1,34.84,1
S-0172,1171.16,64.33,1,98.79,2
S-0173,237.87,-18.76,1,45.35,1
S-0174,2350.40,81.11,5,66.57,5
S-0175,3188.83,86.19,10,71.73,5
S-0176,1581.23,43.15,2,100.00,4
S-0177,2122.47,78.63,5,40.91,5
S-0178,276.21,12.36,0,18.67,0
S-0179,2382.50,85.32,4,73.88,5
S-0180,2701.13,111.93,6,34.52,6
S-0181,1681.63,30.00,2,81.72,5
S-0182,1967718.74,127.63,5,70.26,4
S-0183,375.74,25.67,1,41.61,1
S-0184,3489.43,113.92,3,72.71,5
S-0185,2343.43,109.94,7,44.99,5
S-0186,2712.66,71.27,5,50.54,3
S-0187,2826.73,127.26,7,86.61,6
S-0188,1075.70,35.65,,89.05,3
S-0189,3268026.82,61.17,7,45.55,4
S-0190,1160.45,33.41,1,95.50,3
S-0191,284.04,22.80,0,21.66,0
S-0192,2089.65,68.19,6,71.09,5
S-0193,303234.94,10.42,0,63.88,2
S-0194,2429.13,112.14,5,78.04,5
S-0195,329886.32,11.42,1,42.96,2
S-0196,1236752.60,35.50,1,77.22,3
S-0197,2191.93,-65.23,5,71.86,7
S-0198,2816.51,131.03,9,52.11,4
S-0199,1336.74,65.76,0,94.84,4
S-0200,2813.98,91.23,4,60.20,5
S-0201,1404.23,35.07,1,73.41,5
S-0202,2756.97,116.56,7,60.33,5
S-0203,678.36,30.00,1,89.19,2
S-0204,286.86,22.77,1,34.25,1
S-0205,2506.15,112.99,6,79.44,5
S-0206,168.09,5.00,0,50.06,1
S-0207,2328.12,50.07,,40.34,5
S-0208,2706.41,103.65,4,55.70,4
S-0209,1000.00,102.40,5,67.93,4
S-0210,1425.92,45.01,3,94.09,4
S-0211,2327.89,103.33,7,67.26,7
S-0212,220.95,13.69,0,39.51,2
S-0213,2322.36,91.57,4,36.78,4
S-0214,2023.60,94.74,5,73.19,6
S-0215,1754002.48,35.45,2,100.00,5
S-0216,2907.49,120.27,7,74.92,3
S-0217,199.33,24.74,0,55.21,1
S-0218,390.62,-14.52,1,40.58,3
S-0219,1080.73,43.16,0,85.36,5
S-0220,1238.51,58.28,1,86.19,7
S-0221,351.23,-16.58,1,76.93,2
S-0222,2291922.27,102.46,8,70.09,5
S-0223,1657.28,35.74,1,84.34,3
S-0224,370.75,15.76,1,37.98,2
S-0225,2379.60,50.18,5,75.58,5
S-0226,984.39,46.73,2,79.59,5
S-0227,2688.03,68.52,8,79.57,4
S-0228,2490.33,95.11,,59.10,4
S-0229,1482059.52,39.22,,87.98,3
S-0230,262640.43,19.11,0,45.74,0
S-0231,196.00,14.70,1,62.30,2
S-0232,2503.07,73.23,3,40.17,5
S-0233,2931.15,83.65,3,83.38,6
S-0234,270.04,14.46,0,43.45,1
S-0235,3319.26,67.01,5,48.29,4
S-0236,1226.85,53.50,2,91.13,3
S-0237,266101.82,9.57,0,43.81,0
S-0238,3159.24,72.18,4,52.45,4
S-0239,153.03,22.24,,50.39,2
S-0240,329.42,19.21,1,55.97,1
S-0241,1932918.97,89.58,7,70.41,4
S-0242,2229.92,45.56,5,67.87,6
S-0243,1545.11,57.67,1,87.54,3
S-0244,295.52,12.59,0,25.07,0
S-0245,419.58,13.35,1,33.70,1
S-0246,1211.16,31.47,1,83.56,2
S-0247,2945.61,89.78,3,67.29,3
S-0248,325.69,15.33,2,55.28,0
S-0249,2319.19,87.36,3,65.99,6
S-0250,2311.90,92.82,,81.82,6
S-0251,367.93,12.15,1,41.73,2
S-0252,228.39,19.93,0,66.63,1
S-0253,459.60,13.42,1,48.09,0
S-0254,2567.08,-106.74,8,52.96,6
S-0255,828679.74,46.42,0,78.41,4
S-0256,948497.55,42.06,1,84.75,6
S-0257,313.63,16.54,0,75.17,0
S-0258,2844798.93,126.33,4,85.63,4
S-0259,1695.88,106.42,6,90.63,5
S-0260,1629.86,51.87,1,94.00,5
S-0261,2618.32,75.87,6,80.98,4
S-0262,356.18,10.47,1,55.33,0
S-0263,3409927.16,131.11,6,48.02,6
S-0264,2201965.51,87.84,7,62.22,5
S-0265,2102.40,88.50,2,64.46,6
S-0266,397.76,17.95,1,23.61,0
S-0267,2876.21,73.24,8,41.22,6
S-0268,319.55,12.45,0,44.44,1
S-0269,3118.85,99.78,6,68.26,4
S-0270,247.74,11.74,1,41.18,1
S-0271,968982.08,30.00,0,81.63,5
S-0272,2133.50,80.16,3,58.84,5
S-0273,294.94,18.19,0,34.94,1
S-0274,1212.96,47.38,1,86.27,5
S-0275,977429.20,47.96,1,85.51,4
S-0276,321.12,9.33,1,33.73,1
S-0277,386.20,15.37,0,44.63,0
S-0278,1373.08,42.89,1,88.36,3
S-0279,1932.43,80.39,5,60.56,5
S-0280,1840.78,67.77,7,71.92,6
S-0281,3118880.94,79.07,4,53.23,4
S-0282,439.15,11.16,1,48.09,1
S-0283,2354.08,51.90,4,75.56,6
S-0284,2346.14,72.83,6,100.00,4
S-0285,1442.28,41.98,2,83.77,4
S-0286,144.73,14.29,1,13.42,1
S-0287,2343254.52,75.33,6,70.65,3
S-0288,299.29,-5.31,0,10.00,1
S-0289,1059.00,33.12,2,76.74,4
S-0290,366.38,9.65,0,94.47,0
S-0291,287.61,13.28,1,33.66,1
S-0292,2369.46,89.65,7,53.68,4
S-0293,2180843.57,82.49,6,61.33,6
S-0294,291.47,18.98,0,34.60,1
S-0295,262.90,18.11,0,24.41,2
S-0296,1411.94,106.60,5,57.43,4
S-0297,2484.45,-83.34,6,63.74,3
S-0298,2387.86,109.03,4,58.90,5
S-0299,1000.00,97.96,4,60.70,7
S-0300,1397.65,45.94,1,80.57,5
S-0301,477.51,15.07,0,65.61,1
S-0302,2368.42,45.00,4,80.43,6
S-0303,1052.89,40.15,0,91.88,4
S-0304,1474.01,42.25,0,82.67,4
S-0305,1742.74,43.56,1,89.07,5
S-0306,3823.25,122.58,4,87.16,5
S-0307,1725.10,99.68,4,64.08,7
S-0308,1738.62,51.28,,95.46,5
S-0309,3068.07,100.88,5,54.17,6
S-0310,3084.21,97.60,7,75.08,6
S-0311,260.39,12.27,0,26.78,1
S-0312,268.34,22.35,1,32.87,1
S-0313,2955.90,108.93,9,64.39,6
S-0314,1598.33,51.20,1,87.69,3
S-0315,481.46,7.21,1,63.31,1
S-0316,2878.71,105.40,9,46.94,5
S-0317,344.50,9.15,0,26.23,1
S-0318,184.39,22.22,0,54.50,1
S-0319,2439.20,83.22,3,80.64,3
S-0320,2074.32,74.25,3,86.98,3
S-0321,406.67,20.45,1,30.97,2
S-0322,189442.12,14.62,1,29.06,0
S-0323,3159.33,84.25,7,83.42,5
S-0324,2863.40,84.79,5,59.86,4
S-0325,2580.83,76.50,4,50.12,6
S-0326,376776.85,16.32,1,56.98,2
S-0327,500.00,39.85,2,77.71,5
S-0328,2508.16,94.18,8,76.28,4
S-0329,2727.17,70.78,6,76.39,5
S-0330,2947.20,-54.06,6,61.61,5
S-0331,316.93,8.37,1,10.00,0
S-0332,50.00,-28.06,0,68.94,1
S-0333,2691.43,67.34,5,98.53,5
S-0334,340272.57,26.41,1,20.72,3
S-0335,2636.21,45.00,7,58.79,5
S-0336,2543.02,114.69,4,80.15,6
S-0337,320.18,12.59,1,35.56,2
S-0338,2314.71,85.67,2,38.78,6
S-0339,216.00,13.88,1,42.01,1
S-0340,156.97,15.46,1,10.00,3
S-0341,1911.44,79.19,6,57.31,6
S-0342,2781.49,73.76,3,47.59,6
S-0343,217.43,18.18,0,36.89,2
S-0344,262.65,6.28,1,12.88,0
S-0345,815.77,35.61,,90.54,5
S-0346,3081871.98,85.89,7,43.05,5
S-0347,364.63,18.41,1,44.91,0
S-0348,939.38,48.99,0,92.58,4
S-0349,2731.34,75.43,5,65.54,6
S-0350,397.85,13.12,1,61.72,0
S-0351,199.88,22.31,1,49.98,1
S-0352,245.13,22.17,0,63.29,0
S-0353,289.06,19.38,0,30.93,0
S-0354,442.77,16.44,1,28.35,1
S-0355,1485.13,40.92,1,100.00,3
S-0356,1315.21,43.76,1,99.45,3
S-0357,820.98,40.27,1,86.50,2
S-0358,3032.39,103.46,4,57.37,5
S-0359,445.37,12.16,0,68.88,0
S-0360,288.43,18.91,1,29.87,1
S-0361,218.82,15.79,0,25.24,1
S-0362,162135.28,12.66,1,10.47,0
S-0363,486.51,6.03,1,12.57,0
S-0364,3122.25,108.51,7,54.82,5
S-0365,308.63,9.50,1,28.42,3
S-0366,443.36,13.42,0,44.16,1
S-0367,435.00,18.31,2,29.83,1
S-0368,2391.84,104.38,3,47.29,5
S-0369,304.09,20.17,0,24.51,1
S-0370,2959.35,88.55,4,57.57,4
S-0371,2930.37,115.86,6,70.43,5
S-0372,230.63,6.87,0,10.00,1
S-0373,2075.91,98.94,6,84.28,6
S-0374,1476.20,54.90,4,86.95,2
S-0375,2628.08,85.22,3,72.54,6
S-0376,2523.00,106.17,5,76.73,6
S-0377,2290.35,102.36,2,62.93,6
S-0378,2484.60,117.33,6,75.77,4
S-0379,423.38,13.06,2,47.13,2
S-0380,1831.71,62.11,8,51.20,5
S-0381,1378.91,44.21,3,83.09,3
S-0382,2367.05,115.38,4,59.22,3
S-0383,1276.61,46.40,1,93.84,4
S-0384,1986.29,140.41,,41.76,5
S-0385,1276.82,50.19,0,87.26,4
S-0386,253.14,25.22,1,34.94,2
S-0387,269.64,10.16,1,56.92,2
S-0388,482.98,20.06,1,11.07,2
S-0389,937.36,44.17,2,86.50,5
S-0390,1390.67,57.80,2,98.38,4
S-0391,249924.53,12.41,1,40.64,1
S-0392,2765.06,99.04,6,87.05,5
S-0393,2003.67,95.03,8,87.92,7
S-0394,331.71,6.36,0,67.20,1
S-0395,2835.75,127.43,3,50.04,3
S-0396,2256.57,98.03,4,68.96,5
S-0397,1363.71,42.58,2,80.56,4
S-0398,900.21,55.41,0,83.15,3
S-0399,2297.73,118.58,5,43.61,5
S-0400,2435.58,106.08,6,61.21,5
S-0401,2973.00,131.05,8,44.91,6
S-0402,2628.36,76.40,5,80.34,4
S-0403,961.83,48.43,2,86.50,5
S-0404,233996.43,5.00,1,34.12,1
S-0405,1101.06,40.34,2,98.71,7
S-0406,1424.04,-66.12,1,88.30,4
S-0407,3575.31,92.73,10,90.75,5
S-0408,268.15,5.74,1,21.82,3
S-0409,198.12,16.18,1,95.89,1
S-0410,1291.68,48.99,0,89.78,7
S-0411,963880.84,42.02,0,100.00,3
S-0412,1181.73,49.65,2,94.88,5
S-0413,238.05,13.77,0,41.48,3
S-0414,3177141.71,124.99,,63.38,4
S-0415,2833.87,118.46,2,94.84,5
S-0416,2560.46,-117.84,9,57.05,6
S-0417,275.01,5.00,0,53.11,0
S-0418,2093.08,-99.70,7,77.53,4
S-0419,502.44,17.30,0,28.67,0
S-0420,403.54,29.80,0,64.10,1
S-0421,1443.69,79.90,6,81.94,6
S-0422,212.04,-6.98,1,46.31,2
S-0423,2160198.94,85.70,5,45.42,5
S-0424,2409.41,82.59,3,45.69,5
S-0425,2327.65,86.59,4,50.30,5
S-0426,3342.18,-132.89,3,88.94,5
S-0427,2289.89,92.87,5,71.77,5
S-0428,822.67,36.02,1,95.54,4
S-0429,339.62,9.39,0,50.65,1
S-0430,3546.71,60.51,4,58.41,5
S-0431,1393.34,106.10,,51.34,4
S-0432,2413.48,82.01,3,47.69,6
S-0433,2574.55,76.51,2,83.48,5
S-0434,1282.98,53.92,,95.83,6
S-0435,1536.62,92.95,4,100.00,5
S-0436,1042.03,43.10,2,95.80,4
S-0437,1699.93,31.52,2,96.41,2
S-0438,459.63,10.00,0,39.14,3
S-0439,3012.86,56.37,6,69.25,4
S-0440,3186.35,112.10,6,45.99,3
S-0441,367.47,10.73,1,13.70,1
S-0442,3093.62,98.15,,47.58,6
S-0443,1884.42,96.98,7,83.55,7
S-0444,2259447.34,117.93,7,68.71,4
S-0445,2475.25,144.22,3,57.99,4
S-0446,1387555.37,57.25,2,85.38,3
S-0447,2614.49,80.93,5,52.54,5
S-0448,339.43,11.56,1,36.99,2
S-0449,1367.24,37.57,0,100.00,4
S-0450,1660.24,98.85,,97.56,5
S-0451,3152045.96,105.72,8,52.24,6
S-0452,1237426.17,37.91,1,90.85,4
S-0453,221.54,14.10,0,49.61,0
S-0454,1643.36,30.00,0,91.43,4
S-0455,2332.77,45.00,2,21.87,5
S-0456,1427.27,128.56,5,68.80,6
S-0457,626.46,49.71,2,100.00,4
S-0458,1382.29,52.30,2,95.81,4
S-0459,2950.52,77.27,5,56.24,3
S-0460,2574734.01,107.73,7,48.10,5
S-0461,2327.57,92.33,4,60.07,5
S-0462,400.52,10.08,1,43.34,0
S-0463,1431.10,62.37,1,93.11,4
S-0464,2290.05,97.01,3,44.76,4
S-0465,2984.96,95.26,,74.50,4
S-0466,801.00,43.30,1,73.50,4
S-0467,1481.65,30.00,0,77.46,4
S-0468,2244.59,71.46,7,71.88,7
S-0469,964.37,-32.68,0,83.26,4
S-0470,2935.54,77.78,2,88.17,6
S-0471,321.29,11.23,1,46.29,1
S-0472,2747.36,103.91,3,66.52,4
S-0473,864.58,51.08,0,84.41,3
S-0474,1334.71,58.78,1,93.87,3
S-0475,2003.52,96.13,6,70.23,6
S-0476,219996.78,23.92,1,50.89,0
S-0477,3318.97,103.84,3,47.53,5
S-0478,2954.51,122.28,2,48.72,5
S-0479,1526.83,44.15,1,97.15,4
S-0480,3330.60,103.29,2,100.00,6
S-0481,1426.10,94.57,4,57.04,4
S-0482,85.23,11.55,0,31.83,1
S-0483,2568.81,76.39,5,64.20,5
S-0484,3090.08,77.66,5,65.71,4
S-0485,1475.73,53.32,1,80.60,3
S-0486,1476.24,41.68,3,85.10,6
S-0487,2200.67,106.94,6,44.96,6
S-0488,2017.31,60.34,,27.97,5
S-0489,221.73,7.87,1,52.25,2
S-0490,1384.44,30.00,2,85.02,3
S-0491,1178.58,48.55,1,96.33,5
S-0492,2397671.68,75.70,5,67.75,7
S-0493,1538.25,61.66,1,94.78,5
S-0494,963.37,34.35,0,88.10,4
S-0495,312.26,16.60,0,36.04,2
S-0496,2526.74,90.24,6,48.00,5
S-0497,1399097.45,134.92,8,50.35,4
S-0498,1076.19,48.72,1,91.03,4
S-0499,302.36,11.11,1,56.67,1
S-0500,1880.75,40.87,0,87.45,3
S-0501,392.50,19.06,0,37.06,2
S-0502,2593390.90,85.31,7,72.72,4
S-0503,2092.27,89.32,,52.48,7
S-0504,1520.79,42.67,,87.82,3
S-0505,934.24,42.60,1,92.28,5
S-0506,2504421.39,129.25,4,73.63,6
S-0507,124197.91,9.80,0,12.99,0
S-0508,360.84,11.77,1,39.27,1
S-0509,2010.65,115.97,4,62.43,4
S-0510,1312.06,51.82,2,100.00,4
S-0511,3075.20,117.81,6,65.72,5
S-0512,1263.94,46.36,1,81.89,4
S-0513,1073.70,43.82,2,88.07,4
S-0514,1325.14,47.80,1,88.74,5
S-0515,2736.13,95.10,,82.06,6
S-0516,1793.44,117.34,9,75.01,3
S-0517,167.30,8.10,0,44.41,0
S-0518,1071.63,48.99,1,93.35,4
S-0519,1872.25,91.07,5,60.73,5
S-0520,357.67,22.08,0,59.07,0
S-0521,331740.64,14.67,1,32.76,0
S-0522,2438.53,97.33,4,48.46,5
S-0523,976.45,47.12,1,94.45,5
S-0524,343.83,15.12,1,56.34,0
S-0525,310.45,15.21,1,74.17,2
S-0526,285.06,25.25,1,44.90,1
S-0527,1491.45,52.00,1,93.42,5
S-0528,2451.37,81.65,3,47.74,4
S-0529,2277.35,141.18,11,68.98,6
S-0530,3018.06,-116.12,5,74.60,4
S-0531,1791606.39,74.83,3,50.47,5
S-0532,1250.71,52.03,0,92.84,4
S-0533,1162111.77,59.43,2,84.12,3
S-0534,1604.77,30.00,1,78.40,4
S-0535,2450.44,70.68,4,77.87,5
S-0536,1120.29,56.97,1,84.92,5
S-0537,2633.56,100.52,6,83.01,6
S-0538,2405.03,119.90,3,90.38,4
S-0539,2664.97,120.49,5,69.60,5
S-0540,2652.59,73.13,8,67.14,5
S-0541,1220.76,33.97,3,82.75,4
S-0542,1493.28,53.64,0,83.97,4
S-0543,306.77,13.86,1,10.00,0
S-0544,2468.13,113.57,6,78.75,4
S-0545,1157.90,41.57,2,97.56,2
S-0546,1294.98,56.76,0,97.29,5
S-0547,378.32,14.31,0,29.96,1
S-0548,947.77,43.61,1,91.13,2
S-0549,341.43,9.76,0,53.13,1
S-0550,519.95,30.00,1,98.92,4
S-0551,309912.72,22.39,,26.69,1
S-0552,2221.26,78.96,,75.14,6
S-0553,2438.46,98.82,4,67.22,5
S-0554,2748.80,108.56,4,55.65,6
S-0555,566.46,17.82,0,26.39,1
S-0556,923.51,46.00,3,70.00,3
S-0557,2976.87,96.36,,70.81,5
S-0558,2823.20,73.19,,79.99,5
S-0559,1835.49,89.38,6,58.66,3
S-0560,396659.65,17.96,1,40.22,0
S-0561,1069.29,36.21,1,99.12,3
S-0562,2756834.96,76.20,2,65.89,3
S-0563,544459.40,15.13,1,31.42,3
S-0564,2538.46,109.93,4,62.55,4
S-0565,1113.15,35.64,0,94.28,3
S-0566,3390.55,98.14,2,74.83,4
S-0567,2653.85,106.51,3,67.97,4
S-0568,1591.56,37.63,0,99.83,3
S-0569,2886.94,99.34,2,81.31,5
S-0570,2646.68,85.20,5,87.98,4
S-0571,399.67,16.33,0,39.49,1
S-0572,2118.52,98.06,5,71.26,4
S-0573,221.34,20.55,0,66.87,1
S-0574,290.07,12.10,,32.96,1
S-0575,2863.99,-132.18,3,42.80,4
S-0576,315.98,25.90,1,16.27,1
S-0577,2609.18,74.56,,55.13,3
S-0578,2242.12,125.80,6,81.07,6
S-0579,2150.14,74.07,4,80.47,4
S-0580,556.49,58.38,2,96.39,2
S-0581,2343.16,68.94,8,77.19,3
S-0582,340.29,10.97,1,56.54,1
S-0583,966.79,-36.51,0,92.84,5
S-0584,2564.78,87.14,5,74.92,7
S-0585,2783.00,106.31,5,57.31,3
S-0586,1779.22,106.90,6,55.08,6
S-0587,1973.49,60.84,5,66.90,4
S-0588,2447.78,61.27,7,64.34,5
S-0589,3096240.55,58.41,6,60.05,5
S-0590,2737.49,95.82,5,51.72,6
S-0591,2090.76,94.44,5,78.45,3
S-0592,423.66,13.92,0,35.20,0
S-0593,281.94,13.62,2,16.69,3
S-0594,155.70,25.59,1,69.91,1
S-0595,1255.48,57.43,2,93.62,3
S-0596,851.19,35.82,0,94.90,4
S-0597,2222.77,97.98,8,76.48,6
S-0598,2454.02,67.67,4,70.74,5
S-0599,1284.76,34.22,3,70.00,4
S-0600,373.89,8.70,1,15.61,3
S-0601,268.72,9.88,1,38.55,0
S-0602,1074.27,30.09,2,95.37,5
S-0603,1025.89,-49.48,3,82.11,5
S-0604,3533.71,87.24,4,62.07,4
S-0605,3088.49,96.34,5,75.44,5
S-0606,1361.59,51.40,1,100.00,4
S-0607,962.84,42.73,1,88.54,4
S-0608,842.69,41.63,1,85.40,6
S-0609,1595.52,49.71,1,91.63,3
S-0610,3200.08,-86.03,6,43.00,4
S-0611,286728.60,12.07,1,45.28,1
S-0612,133633.12,5.49,,33.24,1
S-0613,286.10,13.80,0,26.37,1
S-0614,1441.30,58.86,2,86.95,4
S-0615,1396.21,33.66,2,92.91,5
S-0616,3148.97,106.81,2,72.07,5
S-0617,459.96,13.12,1,46.29,1
S-0618,1803.13,137.87,6,40.71,4
S-0619,3106.29,57.13,6,85.40,4
S-0620,1419.04,43.20,0,89.53,4
S-0621,1051.93,49.65,1,100.00,3
S-0622,189.29,12.65,0,36.02,1
S-0623,3169.52,95.48,7,50.04,5
S-0624,638.54,38.14,2,100.00,3
S-0625,2754.82,132.31,3,57.23,5
S-0626,2755.24,80.49,8,55.84,4
S-0627,3182.60,-67.53,3,35.08,7
S-0628,1984291.63,83.13,4,91.48,5
S-0629,469.76,15.99,1,43.81,2
S-0630,2588.12,134.65,4,67.00,5
S-0631,2476.79,95.60,6,64.91,4
S-0632,1218.41,-30.00,2,100.00,4
S-0633,258.05,19.40,0,53.72,0
S-0634,2467.92,114.30,2,82.08,7
S-0635,1382.07,43.31,1,77.60,2
S-0636,233.12,18.34,,17.79,0
S-0637,2585.81,-90.92,8,29.40,5
S-0638,3957.21,109.65,2,66.22,6
S-0639,1121.09,35.59,0,84.72,4
S-0640,1107.99,41.39,1,90.48,5
S-0641,2559.77,65.16,9,71.33,5
S-0642,1769.70,55.08,8,73.16,5
S-0643,3251.80,77.02,5,79.43,5
S-0644,312.47,15.44,2,41.88,1
S-0645,329.55,14.02,0,34.89,1
S-0646,2293.70,50.83,1,71.71,5
S-0647,221.81,18.45,0,36.07,3
S-0648,1295.47,42.63,1,89.10,5
S-0649,1278.03,40.43,0,88.03,3
S-0650,2132.35,79.94,6,53.96,6
S-0651,340.63,23.76,,53.13,1
S-0652,308.58,5.22,1,41.08,0
S-0653,1102.87,51.15,2,79.14,3
S-0654,2113.01,64.70,2,43.72,5
S-0655,1076.59,56.71,1,100.00,5
S-0656,1143.24,46.77,1,80.67,4
S-0657,1682.52,30.00,1,77.46,3
S-0658,2193.26,95.22,4,79.84,5
S-0659,1239.88,-94.66,5,57.18,5
S-0660,2331.75,87.69,4,65.04,5
S-0661,344.25,16.76,0,49.05,0
S-0662,1926.57,86.11,6,55.13,5
S-0663,1262119.98,40.74,0,100.00,2
S-0664,2039.86,101.60,6,60.00,6
S-0665,2898.17,71.49,4,54.31,4
S-0666,216.18,20.46,1,55.07,2
S-0667,272.29,6.56,,44.04,0
S-0668,2508.62,121.34,2,53.28,6
S-0669,1639555.71,46.51,2,76.20,6
S-0670,2527.03,88.33,5,43.09,6
S-0671,1883.74,88.26,2,80.48,5
S-0672,1073.05,43.90,0,95.53,3
S-0673,1679846.44,95.52,7,62.77,6
S-0674,347.50,10.71,0,10.00,2
S-0675,2173.12,98.09,4,89.05,7
S-0676,2461.95,59.99,4,51.53,4
S-0677,3112424.85,84.71,7,66.39,4
S-0678,61.23,8.24,1,44.42,1
S-0679,2689.89,78.77,8,88.68,6
S-0680,2014.28,95.54,2,67.26,5
S-0681,1831.70,-67.71,5,51.94,5
S-0682,1431.49,45.38,1,90.74,4
S-0683,985.29,54.34,1,81.17,4
S-0684,2880.12,93.43,5,55.25,5
S-0685,325.93,18.14,0,40.71,1
S-0686,2397.08,92.10,7,78.06,6
S-0687,2179.74,74.23,3,78.84,5
S-0688,250.68,12.23,0,67.01,1
S-0689,486.64,17.43,0,53.99,1
S-0690,2246.60,92.01,5,77.15,5
S-0691,399.41,15.57,0,31.93,2
S-0692,256.95,19.62,0,34.13,0
S-0693,3405824.10,78.53,8,78.93,6
S-0694,1213.07,40.40,1,94.50,5
S-0695,345.29,7.92,0,45.32,0
S-0696,2742.01,87.72,6,62.95,6
S-0697,1045.12,46.40,0,83.91,4
S-0698,2979.25,110.10,7,72.26,5
S-0699,2937.40,80.87,3,78.69,4
S-0700,1635.73,58.16,0,79.21,4
S-0701,1524.94,41.33,0,83.07,3
S-0702,1747.00,78.29,6,53.40,5
S-0703,1894.20,92.67,,55.26,4
S-0704,1435.97,96.59,2,78.69,6
S-0705,1046.71,59.66,1,92.35,5
S-0706,140.25,20.43,0,38.41,1
S-0707,399.37,-15.79,0,40.25,0
S-0708,3279064.26,92.92,5,68.16,6
S-0709,2121834.76,122.62,4,80.24,3
S-0710,2304.18,82.93,6,86.96,4
S-0711,2231.11,103.10,5,74.96,3
S-0712,229.15,17.86,0,10.00,1
S-0713,2433.82,112.84,4,55.76,4
S-0714,249734.77,18.12,0,26.54,2
S-0715,165.17,19.84,1,31.97,1
S-0716,153.04,10.16,0,20.80,3
S-0717,2624.83,108.06,8,64.61,7
S-0718,2940.50,-109.39,8,38.61,6
S-0719,331.41,13.59,1,46.33,0
S-0720,533.21,9.74,0,29.62,1
S-0721,471.68,13.52,0,58.54,1
S-0722,1991853.59,103.34,9,92.04,3
S-0723,2664.86,70.87,6,73.24,5
S-0724,1130317.42,37.09,0,93.07,4
S-0725,2293.41,48.00,6,52.60,4
S-0726,2012.44,131.10,9,58.63,5
S-0727,2790.28,62.17,4,94.60,5
S-0728,1956.17,74.70,7,66.21,5
S-0729,1085.24,66.91,0,100.00,5
S-0730,2850.01,90.15,2,64.53,5
S-0731,2146.45,145.66,8,37.01,6
S-0732,3155.96,84.06,5,76.17,3
S-0733,112.64,21.66,1,29.34,3
S-0734,2524.55,62.85,3,52.12,3
S-0735,1204.08,52.07,1,73.96,4
S-0736,2908.48,109.98,8,59.62,4
S-0737,1058.78,57.99,2,85.20,4
S-0738,593.89,50.34,1,95.50,5
S-0739,79.86,18.96,1,29.98,0
S-0740,1311.96,58.14,1,100.00,4
S-0741,2445.13,81.33,5,31.93,6
S-0742,2848.60,121.40,7,57.91,5
S-0743,2784.67,96.42,6,62.56,6
S-0744,1879.88,80.96,9,82.89,5
S-0745,420.82,13.05,0,59.59,0
S-0746,360.70,15.93,1,61.20,0
S-0747,2785.75,87.57,5,86.91,6
S-0748,1099.92,41.78,1,76.27,4
S-0749,368.23,11.15,1,40.17,0
S-0750,373753.41,13.20,1,50.67,1
S-0751,885.76,67.48,1,89.60,4
S-0752,1695.50,76.54,2,66.72,4
S-0753,2463.38,97.79,2,33.57,5
S-0754,270833.30,15.57,0,35.34,3
S-0755,2484491.99,106.45,9,63.36,5
S-0756,2583.05,73.41,5,73.09,5
S-0757,1009.43,41.82,2,96.96,4
S-0758,1798.30,107.11,,79.42,8
S-0759,2148.94,91.39,2,75.01,5
S-0760,2472.94,100.97,4,92.19,5
S-0761,326.91,16.50,0,47.48,3
S-0762,1584.89,80.79,3,40.30,6
S-0763,313.17,15.46,1,19.32,0
S-0764,2157.00,115.86,7,47.33,3
S-0765,1766.28,126.54,2,75.50,6
S-0766,1227.42,44.18,1,85.21,5
S-0767,2393094.13,69.79,5,59.53,6
S-0768,247.78,13.29,1,39.28,1
S-0769,2885.38,112.61,2,54.53,5
S-0770,249.70,6.26,0,29.04,1
S-0771,2188.39,91.38,5,67.16,5
S-0772,244.43,9.20,1,59.57,0
S-0773,3236.26,74.03,3,55.93,5
S-0774,2822.16,94.72,8,73.77,6
S-0775,195.19,19.51,1,43.82,2
S-0776,2197.64,98.42,5,71.17,4
S-0777,1008.00,57.23,2,80.79,6
S-0778,337.03,18.74,0,53.00,2
S-0779,3520.63,85.40,6,76.43,5
S-0780,2326.52,84.91,8,73.05,6
S-0781,438.51,18.52,0,11.56,2
S-0782,294.72,12.04,1,37.84,2
S-0783,1134.81,30.00,2,98.55,5
S-0784,907.98,30.00,1,95.18,2
S-0785,2138.20,86.12,4,78.68,6
S-0786,2151.24,70.87,3,12.34,4
S-0787,2724.33,114.65,6,78.65,7
S-0788,1136.57,66.30,0,84.82,3
S-0789,2669.55,93.83,4,76.64,4
S-0790,747.89,30.00,1,99.50,2
S-0791,322.10,10.28,1,49.49,0
S-0792,326.75,17.33,,40.29,2
S-0793,298.63,13.67,1,38.55,0
S-0794,242.60,14.94,0,35.62,2
S-0795,2393.76,86.71,3,65.94,3
S-0796,3090542.73,127.57,5,95.17,4
S-0797,1540.69,45.50,1,84.99,2
S-0798,1369.70,58.08,2,79.84,4
S-0799,343.62,8.32,0,24.30,0
S-0800,425.42,-9.84,1,57.04,0
S-0801,1097.47,58.02,1,87.23,4
S-0802,2868.37,81.91,,77.30,4
S-0803,1189744.54,38.22,0,83.68,3
S-0804,309.09,-16.36,0,53.62,1
S-0805,1892.80,99.62,4,56.52,5
S-0806,1424.84,42.50,1,97.65,4
S-0807,1044.81,52.87,1,81.03,2
S-0808,3004.42,103.59,4,52.55,6
S-0809,1058.00,36.17,2,78.58,5
S-0810,801.82,45.26,3,89.05,4
S-0811,1984.82,81.49,5,59.46,5
S-0812,2489.97,77.93,9,75.20,5
S-0813,2839.63,99.23,5,51.86,6
S-0814,280.38,8.93,0,12.28,0
S-0815,1278.20,38.58,0,98.50,5
S-0816,3141.90,88.56,5,83.56,5
S-0817,1464.32,46.98,2,94.66,2
S-0818,1099.00,58.14,5,75.07,6
S-0819,172.82,17.90,1,47.63,0
S-0820,2453.04,116.28,,61.28,4
S-0821,205.66,19.92,1,18.65,1
S-0822,1010.36,41.94,1,100.00,3
S-0823,295.88,10.61,1,59.17,1
S-0824,492.34,-15.10,0,43.22,3
S-0825,201.60,11.59,1,57.91,2
S-0826,1988.79,113.93,6,66.25,5
S-0827,1741.00,72.00,6,65.51,4
S-0828,1207.08,42.70,1,85.24,3
S-0829,1197.23,53.86,1,84.83,5
S-0830,1003.25,45.12,1,90.49,4
S-0831,283.41,11.39,0,56.71,2
S-0832,364.07,-24.05,1,24.00,0
S-0833,2052.23,96.86,5,63.25,5
S-0834,279895.21,11.70,1,25.65,0
S-0835,2116.93,96.39,5,68.55,6
S-0836,164.85,5.00,1,28.27,4
S-0837,2646.85,90.41,,67.27,6
S-0838,1044.53,46.01,0,100.00,4
S-0839,549.06,25.82,2,41.27,3
S-0840,2519.96,80.70,7,57.31,6
S-0841,207.44,10.29,1,61.74,1
S-0842,1950.69,62.40,6,59.19,5
S-0843,3055.06,73.38,3,53.47,4
S-0844,1431.39,42.24,2,85.33,5
S-0845,1376181.74,54.75,2,87.86,5
S-0846,1290.80,60.00,2,96.52,5
S-0847,2390.24,67.92,2,30.01,4
S-0848,1128.74,47.23,,72.94,3
S-0849,2581.78,-66.24,8,56.23,6
S-0850,3324.54,109.85,6,64.04,4
S-0851,306996.25,10.81,0,59.18,0
S-0852,1104362.76,32.84,0,85.21,5
S-0853,295.09,14.69,0,39.48,1
S-0854,329868.52,15.68,1,25.46,1
S-0855,894.62,40.66,1,100.00,4
S-0856,1784.17,75.54,5,38.26,7
S-0857,1350.68,53.35,,85.22,3
S-0858,1325.39,67.53,0,84.58,4
S-0859,2047.99,-96.94,2,68.23,5
S-0860,1180782.73,-55.39,0,95.95,3
S-0861,1337.24,49.93,0,90.44,6
S-0862,2489.90,101.78,,47.79,5
S-0863,436205.86,18.31,1,64.48,0
S-0864,1222.91,58.68,,99.97,5
S-0865,335.74,8.02,,46.33,0
S-0866,167.53,15.22,,27.08,1
S-0867,449.82,12.85,0,50.05,1
S-0868,301591.45,11.88,1,43.39,2
S-0869,357696.24,17.55,0,70.04,2
S-0870,2811687.47,83.68,5,66.25,5
S-0871,3059095.24,115.42,4,57.40,6
S-0872,1862.72,109.49,7,87.59,5
S-0873,259.83,20.27,0,38.45,2
S-0874,2439.58,92.57,6,67.78,5
S-0875,364.65,13.04,1,54.38,0
S-0876,224046.04,10.11,1,38.06,0
S-0877,79352.51,-11.68,1,44.58,0
S-0878,2278.79,-81.94,7,28.93,6
S-0879,300.78,23.60,0,38.52,3
S-0880,2093.23,60.17,4,70.84,5
S-0881,985.59,43.15,1,78.78,5
S-0882,87.92,17.39,1,37.08,1
S-0883,826393.38,52.72,1,88.25,4
S-0884,1203.75,52.87,1,79.11,4
S-0885,723.52,-51.26,2,100.00,4
S-0886,467.82,19.89,0,20.13,2
S-0887,1205.83,32.43,1,89.61,4
S-0888,1498.80,33.36,2,89.28,5
S-0889,769.38,43.49,1,80.56,4
S-0890,498454.43,11.83,0,30.61,0
S-0891,2454.93,105.54,6,29.76,5
S-0892,2994.66,110.48,7,59.56,6
S-0893,961.31,46.40,1,75.12,4
S-0894,3117.47,114.41,5,59.86,3
S-0895,309.96,9.38,1,16.82,1
S-0896,1234.98,52.37,1,88.63,5
S-0897,991.79,43.81,,80.20,4
S-0898,132.74,13.29,0,56.32,1
S-0899,988.36,53.47,0,98.05,4
S-0900,143.78,12.27,1,18.08,1
S-0901,2244.72,174.59,5,64.32,3
S-0902,317.76,18.70,1,41.95,1
S-0903,289.50,17.84,1,51.50,3
S-0904,2929.25,100.03,6,78.44,4
S-0905,2464.77,117.12,,71.93,4
S-0906,2236.28,89.01,4,92.29,4
S-0907,181.32,23.13,2,21.27,0
S-0908,3078.88,78.22,7,64.59,5
S-0909,1143.45,33.60,,94.78,3
S-0910,170926.84,12.27,0,31.55,0
S-0911,1045.47,31.91,3,86.67,5
S-0912,2244.36,99.34,6,49.37,4
S-0913,2719.06,99.54,4,75.22,5
S-0914,273.08,21.35,1,32.61,1
S-0915,871.80,41.57,,88.28,4
S-0916,2753.39,89.88,6,98.78,3
S-0917,1932.66,49.33,0,99.61,3
S-0918,1763.03,73.08,6,54.73,4
S-0919,2416.31,111.35,6,66.02,6
S-0920,342.53,13.79,0,55.49,0
S-0921,190.36,12.61,2,48.16,2
S-0922,2561181.38,84.70,,53.37,5
S-0923,1557.41,42.60,1,90.37,3
S-0924,419.28,20.16,,26.41,0
S-0925,274.31,8.10,0,19.67,1
S-0926,2247.33,84.08,5,50.47,5
S-0927,3446825.34,120.34,7,71.33,6
S-0928,180.25,9.46,0,55.83,1
S-0929,716.80,66.55,0,89.99,3
S-0930,363.30,7.77,,39.49,3
S-0931,2509.84,99.89,3,73.92,4
S-0932,3071.47,81.78,7,79.52,5
S-0933,2253.06,91.75,8,52.01,4
S-0934,1694.15,116.79,6,57.61,7
S-0935,2795.88,97.24,4,60.37,5
S-0936,227.80,16.28,0,18.45,2
S-0937,2433.47,99.25,,42.55,4
S-0938,1416.13,34.71,2,80.15,4
S-0939,309438.48,27.80,0,49.23,1
S-0940,429.06,20.72,0,58.52,2
S-0941,2280.66,79.81,2,66.17,5
S-0942,315.85,20.47,0,45.64,2
S-0943,2158.95,112.40,6,58.53,4
S-0944,3356.89,99.37,3,61.68,5
S-0945,1253.11,45.02,2,100.00,3
S-0946,2523.97,66.98,4,96.81,6
S-0947,1490.47,47.48,0,83.01,3
S-0948,2310.02,66.88,6,48.38,5
S-0949,2790.65,97.34,9,63.68,6
S-0950,2359021.21,105.94,4,69.36,4
S-0951,1215.00,37.05,0,88.30,5
S-0952,1308.71,46.84,1,95.04,2
S-0953,932.22,36.26,0,78.74,4
S-0954,1125.53,48.81,1,94.81,2
S-0955,277.65,13.45,1,33.34,1
S-0956,379.67,10.01,0,41.90,0
S-0957,384.92,6.98,1,28.51,1
S-0958,2023.81,76.93,7,49.54,6
S-0959,1183.40,51.99,0,100.00,5
S-0960,420437.82,16.17,0,39.47,2
S-0961,1851.18,43.83,1,77.15,6
S-0962,2563.43,81.15,4,53.20,5
S-0963,294.42,10.74,1,12.20,2
S-0964,2722.05,74.73,8,50.06,5
S-0965,1290.71,50.54,1,81.24,5
S-0966,1259.40,51.86,0,84.59,4
S-0967,2563.78,-82.59,,75.91,5
S-0968,2718.67,105.42,3,92.88,6
S-0969,395.68,19.94,0,44.47,2
S-0970,463.96,14.98,0,26.61,0
S-0971,278.61,16.16,1,33.90,2
S-0972,3117.26,93.59,3,56.40,5
S-0973,1037.41,37.22,1,82.57,3
S-0974,2450.29,63.33,,54.35,5
S-0975,913.38,30.40,0,93.33,4
S-0976,1883.19,69.77,3,88.22,3
S-0977,362.44,21.69,0,36.87,1
S-0978,2544.84,131.81,5,68.02,4
S-0979,374.85,12.57,0,46.18,2
S-0980,2122.61,76.40,5,69.22,5
S-0981,3211.59,78.02,4,73.28,4
S-0982,1103.71,39.82,2,93.49,4
S-0983,2699.50,104.57,2,73.47,4
S-0984,2391.61,69.58,,61.21,4
S-0985,389.77,18.02,0,36.92,0
S-0986,1101039.66,63.07,0,92.65,6
S-0987,2358.28,83.46,4,49.40,3
S-0988,1052.62,44.08,2,96.66,4
S-0989,323.79,11.68,1,47.86,1
S-0990,822.86,38.07,1,95.14,5
S-0991,271930.75,10.07,0,50.83,1
S-0992,1090.15,62.31,1,96.37,5
S-0993,1495.07,53.38,0,87.92,4
S-0994,1650.95,-45.35,0,88.03,4
S-0995,2565.34,84.48,4,49.69,6
S-0996,2597575.10,65.40,6,52.63,4
S-0997,416.30,16.11,,18.43,2
S-0998,1725.65,63.59,4,56.09,6
S-0999,2638.67,79.16,3,48.82,4
S-1000,183.55,11.61,0,52.59,2
S-1001,2267.05,86.43,5,62.64,6
S-1002,914816.04,43.68,,95.84,6
S-1003,2384.42,114.06,3,77.50,5
S-1004,147.11,13.96,0,48.60,4
S-1005,286.24,15.16,1,43.09,0
S-1006,1488.95,45.72,2,88.32,4
S-1007,796.75,66.07,2,82.00,5
S-1008,1286.20,36.69,1,93.68,4
S-1009,2895.04,140.42,6,52.07,4
S-1010,2673679.60,111.29,5,63.20,8
S-1011,1025.63,49.23,2,100.00,4
S-1012,420054.23,-10.00,1,40.40,0
S-1013,290.33,23.94,0,41.43,1
S-1014,2405.27,72.56,8,53.34,5
S-1015,2734087.03,54.45,5,61.79,6
S-1016,1773.50,46.83,0,78.96,4
S-1017,294.71,12.36,1,60.48,3
S-1018,1783.94,65.80,3,53.38,5
S-1019,2903.99,88.76,,44.70,5
S-1020,264.50,-17.23,1,27.81,1
S-1021,2477.03,60.69,5,55.02,5
S-1022,209096.27,14.75,1,33.72,1
S-1023,1179.89,33.03,,91.63,4
S-1024,1521.86,33.32,2,93.34,3
S-1025,3164.25,126.75,4,65.06,5
S-1026,395142.41,27.28,1,17.67,0
S-1027,350.91,11.48,1,50.53,2
S-1028,2589644.17,100.91,5,60.26,5
S-1029,286009.02,20.99,1,20.32,1
S-1030,1258.45,43.81,2,89.14,5
S-1031,2439.02,121.00,8,54.93,6
S-1032,2155.46,112.28,4,68.44,4
S-1033,1196.79,38.16,1,77.93,4
S-1034,2159.64,96.23,5,34.74,3
S-1035,1115.55,55.17,0,95.49,5
S-1036,2662.56,96.86,6,76.12,6
S-1037,3230.24,124.28,6,74.14,6
S-1038,325.04,11.56,1,29.98,1
S-1039,2651.58,55.00,3,38.42,6
S-1040,2201.83,100.75,5,91.96,6
S-1041,2834.61,68.67,9,93.51,7
S-1042,2173.35,82.45,6,75.03,5
S-1043,1481.00,31.20,,84.51,5
S-1044,2071.85,101.82,4,82.25,6
S-1045,1496.87,56.13,7,80.60,5
S-1046,1695.17,60.68,7,49.40,6
S-1047,2016.29,109.16,5,59.54,4
S-1048,2987.48,94.51,3,68.06,4
S-1049,1522.31,30.74,1,90.52,4
S-1050,282.34,11.87,1,31.82,0
S-1051,3196.30,88.34,2,86.49,3
S-1052,1053.93,41.19,1,100.00,4
S-1053,2310.09,110.90,5,65.12,4
S-1054,1170.93,58.14,1,85.52,6
S-1055,2297.20,54.18,5,72.98,4
S-1056,1671.61,84.23,5,77.29,6
S-1057,2274.66,51.03,5,44.55,7
S-1058,2450121.67,110.46,2,50.15,4
S-1059,2267.03,107.93,8,63.98,4
S-1060,400.71,15.59,0,23.79,2
S-1061,109.30,12.72,0,67.99,0
S-1062,1905.88,71.07,5,67.01,5
S-1063,205.51,5.92,0,51.85,1
S-1064,3637.39,73.99,4,80.81,5
S-1065,1009.18,43.19,2,90.32,5
S-1066,326.93,8.66,0,51.59,2
S-1067,549.67,37.54,,98.06,6
S-1068,197.29,20.22,1,12.56,1
S-1069,230.65,20.39,0,40.16,3
S-1070,289.29,12.66,0,25.23,2
S-1071,2723.77,113.12,5,82.01,5
S-1072,2219.36,59.44,,74.27,6
S-1073,2769952.21,79.65,5,71.70,5
S-1074,1480.73,54.06,0,100.00,5
S-1075,899.37,43.18,,94.69,4
S-1076,1074.82,34.55,1,98.93,5
S-1077,3048.81,81.91,4,80.22,7
S-1078,1698.25,75.68,8,64.05,6
S-1079,2688.25,100.45,2,55.86,6
S-1080,438.94,23.50,1,14.15,3
S-1081,3330.27,96.07,5,72.13,6
S-1082,1549.84,66.71,1,100.00,4
S-1083,205.33,21.40,1,55.48,0
S-1084,319.15,8.20,0,38.26,0
S-1085,2275.09,107.97,5,57.03,4
S-1086,2713.28,104.19,,63.18,4
S-1087,2805.15,66.24,3,61.60,4
S-1088,170.07,16.58,0,47.81,0
S-1089,488.39,23.87,0,11.94,1
S-1090,2963.04,56.53,2,81.77,5
S-1091,1948.91,74.41,4,64.06,4
S-1092,304.04,12.21,0,47.61,1
S-1093,237.37,19.50,0,48.31,1
S-1094,3254.39,112.37,5,77.17,7
S-1095,2512.93,92.90,9,58.57,5
S-1096,449.53,9.37,0,49.33,0
S-1097,2346.37,104.38,6,44.58,4
S-1098,2677.10,45.00,4,73.75,5
S-1099,2660.10,-81.33,6,55.48,4
S-1100,1744.01,88.47,4,47.26,5
S-1101,928.64,47.11,2,82.49,3
S-1102,305.90,17.49,0,56.89,0
S-1103,1188.40,-46.59,2,84.89,3
S-1104,245346.42,8.44,1,61.42,1
S-1105,424.63,8.29,1,32.76,3
S-1106,853.63,50.00,2,92.44,3
S-1107,328.71,15.53,0,32.98,1
S-1108,2830.18,87.60,4,58.47,7
S-1109,398.51,23.42,0,37.02,2
S-1110,1244.31,33.30,1,96.47,2
S-1111,3436.78,87.38,6,50.58,5
S-1112,2757.08,60.95,4,77.07,4
S-1113,107705.66,19.66,2,23.74,1
S-1114,1880693.07,34.16,1,97.48,4
S-1115,108.98,10.24,1,19.58,0
S-1116,1955559.61,108.85,4,78.35,5
S-1117,1570.01,77.60,1,87.89,3
S-1118,288.29,27.79,1,61.08,1
S-1119,2349.67,98.30,5,62.89,3
S-1120,931.84,54.06,1,89.09,3
S-1121,3060.41,114.79,2,56.62,5
S-1122,1604621.31,44.48,1,93.02,7
S-1123,2404.99,83.99,2,74.91,3
S-1124,347.20,20.51,2,56.58,2
S-1125,2723.40,92.40,7,77.80,6
S-1126,187.65,8.35,0,10.00,1
S-1127,1324.06,59.44,0,89.39,5
S-1128,3017.49,85.47,,75.00,4
S-1129,798.76,51.12,2,100.00,4
S-1130,243.90,13.14,0,38.41,0
S-1131,267.76,11.82,1,28.12,0
S-1132,3097.67,102.07,4,65.24,5
S-1133,399.22,13.98,,37.70,2
S-1134,184.01,14.05,0,35.61,0
S-1135,219301.00,14.44,0,35.26,1
S-1136,390.43,25.25,1,31.89,2
S-1137,2299.88,111.12,2,41.91,5
S-1138,1940.54,103.31,6,31.21,5
S-1139,2725.21,90.79,3,42.48,3
S-1140,1185.37,47.12,2,70.00,3
S-1141,3032.95,110.73,3,58.92,6
S-1142,259.97,16.48,1,43.56,0
S-1143,3074.74,82.99,3,71.20,7
S-1144,1400.61,48.67,4,84.68,4
S-1145,377.50,9.04,0,50.43,2
S-1146,1542.21,90.99,5,57.51,5
S-1147,469.55,21.24,0,34.84,2
S-1148,2914.93,67.89,6,73.64,4
S-1149,1516.12,-44.99,1,90.61,5
S-1150,356.21,-17.83,0,61.23,0
S-1151,1028.98,31.35,2,88.99,5
S-1152,2651.76,127.10,4,74.42,5
S-1153,2820.34,91.10,5,42.42,4
S-1154,2488.05,78.26,7,79.95,7
S-1155,1202.60,30.00,2,99.24,4
S-1156,3450.61,64.80,7,52.89,3
S-1157,2656.03,89.74,7,62.76,5
S-1158,779.77,34.53,1,88.71,5
S-1159,355822.54,23.79,0,73.35,2
S-1160,1177.23,63.24,,82.70,5
S-1161,178.01,27.48,0,42.03,1
S-1162,2151.93,90.29,3,69.38,6
S-1163,1074.86,48.61,3,94.26,5
S-1164,254.16,7.27,0,19.26,1
S-1165,2750.30,100.00,5,74.83,4
S-1166,240.23,5.72,,36.70,0
S-1167,1055.43,48.59,3,100.00,8
S-1168,456.67,17.71,0,47.72,2
S-1169,1924934.76,127.03,5,37.79,6
S-1170,760.41,55.58,2,97.47,4
S-1171,567.78,53.49,0,83.60,3
S-1172,3225.92,117.90,9,81.76,6
S-1173,1078.35,48.20,3,91.24,5
S-1174,432.36,11.25,0,39.37,0
S-1175,932.01,49.93,1,90.22,4
S-1176,1158.57,52.01,0,77.36,3
S-1177,3645.55,94.99,9,70.86,6
S-1178,1401.31,58.80,1,97.35,5
S-1179,429.93,13.85,0,60.70,1
S-1180,3079.07,130.48,4,42.15,5
S-1181,1191.84,33.82,1,80.05,4
S-1182,352.80,14.30,1,53.82,2
S-1183,2815.46,97.92,8,68.44,3
S-1184,1956.39,-91.24,7,51.40,4
S-1185,2111803.28,75.38,7,85.89,5
S-1186,451.51,14.50,1,41.28,1
S-1187,950.97,30.00,2,81.89,4
S-1188,1251858.90,48.06,1,83.68,3
S-1189,528.46,10.87,0,33.62,2
S-1190,2536.38,129.60,2,48.24,5
S-1191,951.77,37.12,1,85.30,4
S-1192,2240.40,89.29,4,90.14,6
S-1193,1584.12,65.43,3,100.00,6
S-1194,1300.63,36.81,1,72.41,3
S-1195,326.51,17.29,0,55.48,0
S-1196,316.76,12.21,1,28.64,3
S-1197,3447.99,111.87,7,48.84,5
S-1198,2880.52,103.96,5,74.74,5
S-1199,2853.14,76.96,5,47.76,6
S-1200,1645.18,48.23,0,83.31,4
S-1201,3292.05,76.08,7,70.80,4
S-1202,3147.13,90.23,,72.59,2
S-1203,2680.67,64.26,6,89.16,5
S-1204,1283.71,40.68,2,98.14,3
S-1205,2230.71,105.34,7,64.24,4
S-1206,332.22,17.00,1,44.91,0
S-1207,301.77,12.82,,30.81,1
S-1208,1376670.48,62.28,0,100.00,5
S-1209,531.36,58.81,2,100.00,4
S-1210,1420.41,33.65,0,92.70,5
S-1211,1322227.69,31.20,0,100.00,5
S-1212,1087.06,40.49,1,90.32,4
S-1213,919221.83,45.79,0,83.13,3
S-1214,1256.50,94.27,7,73.89,5
S-1215,3325.70,103.33,6,73.68,5
S-1216,352.67,14.68,1,56.54,1
S-1217,338.72,21.90,1,42.06,2
S-1218,1031.17,46.73,2,89.29,6
S-1219,939.02,45.41,1,85.27,5
S-1220,3117655.74,128.07,5,51.45,5
S-1221,2210.82,59.47,5,73.59,6
S-1222,1129.12,44.07,2,83.26,4
S-1223,1485.09,44.23,0,74.56,2
S-1224,2365.87,-61.00,6,43.65,5
S-1225,1774.17,93.80,6,74.31,4
S-1226,1336.30,44.40,3,100.00,3
S-1227,229.11,18.13,1,58.37,1
S-1228,1662.05,96.24,2,67.60,5
S-1229,1036.28,53.11,0,95.47,5
S-1230,1256.29,47.80,,96.79,3
S-1231,2896.87,-80.96,5,89.17,5
S-1232,1241.50,54.34,1,83.47,4
S-1233,2379.97,134.02,6,78.71,7
S-1234,3030.01,86.40,6,58.85,5
S-1235,2512.73,73.68,5,42.86,6
S-1236,2415.33,102.59,5,56.56,5
S-1237,2043.37,90.58,3,37.56,4
S-1238,318.96,24.88,1,35.18,2
S-1239,557.54,44.58,2,93.13,4
S-1240,1437.94,32.54,1,93.13,4
S-1241,2860.49,-74.19,,54.26,5
S-1242,3311.70,72.13,3,41.59,6
S-1243,242.75,13.74,2,64.86,1
S-1244,1391436.53,47.12,0,86.61,5
S-1245,305.12,5.00,0,34.25,1
S-1246,1850.77,-70.41,3,52.97,3
S-1247,3138.88,98.41,4,74.12,5
S-1248,246101.18,10.68,0,58.04,1
S-1249,217.61,15.63,0,10.00,2
S-1250,311.85,16.43,0,17.66,1
S-1251,808.57,64.64,0,93.49,2
S-1252,3551.20,131.66,5,60.19,6
S-1253,380.85,15.17,0,59.76,2
S-1254,305.56,9.12,1,44.69,0
S-1255,136.17,13.50,1,33.61,1
S-1256,2300.65,111.67,4,59.95,5
S-1257,3338.74,111.49,8,60.25,7
S-1258,1515.76,41.60,1,96.69,4
S-1259,797.82,31.86,0,77.72,4
S-1260,372.41,10.61,0,23.61,2
S-1261,2425.02,95.93,3,53.81,4
S-1262,241.20,7.41,1,26.93,2
S-1263,255.49,18.50,0,45.43,1
S-1264,1263.93,42.98,1,97.72,4
S-1265,1186.62,52.17,1,82.84,3
S-1266,321.27,6.87,0,58.93,1
S-1267,257.35,14.43,1,23.75,1
S-1268,2396.45,69.53,4,41.88,4
S-1269,2860.37,81.90,5,59.19,3
S-1270,1827.72,61.06,4,42.84,4
S-1271,2716.75,103.26,6,80.79,5
S-1272,3130632.92,109.45,5,74.82,6
S-1273,2332.00,73.82,3,53.20,3
S-1274,393.62,10.06,1,57.58,1
S-1275,1317.72,44.24,0,93.23,5
S-1276,666378.75,39.36,0,82.50,3
S-1277,886.10,36.25,2,97.75,5
S-1278,1119.31,54.08,1,93.77,5
S-1279,725.71,36.12,2,87.21,4
S-1280,465452.95,18.87,1,29.57,3
S-1281,431.32,14.72,0,45.71,2
S-1282,2070.09,114.36,6,55.89,4
S-1283,299.39,13.54,1,39.52,3
S-1284,963.92,43.70,1,94.38,5
S-1285,254.09,19.78,1,42.40,1
S-1286,2224.57,59.24,3,47.06,5
S-1287,2407.72,120.34,9,62.46,7
S-1288,2409.07,77.97,4,85.37,4
S-1289,314.17,12.53,1,25.78,2
S-1290,3724.55,81.02,3,75.35,6
S-1291,351.82,15.71,1,45.05,2
S-1292,2383.56,79.69,3,65.28,4
S-1293,434.11,8.52,1,31.24,1
S-1294,50.00,15.90,1,36.32,2
S-1295,2352.26,77.28,4,79.08,5
S-1296,229.51,22.10,0,52.79,2
S-1297,297995.74,19.44,0,31.16,0
S-1298,1549.45,31.13,1,84.87,4
S-1299,3181.93,96.59,8,83.55,4
S-1300,237.63,20.46,1,34.32,1
S-1301,284.09,15.13,,46.38,1
S-1302,2461.33,146.19,4,69.68,4
S-1303,1237.33,56.00,2,86.27,3
S-1304,1222.73,48.03,0,100.00,4
S-1305,2821.83,88.77,10,70.66,6
S-1306,89.37,12.30,0,65.40,2
S-1307,2784.74,112.02,6,68.10,5
S-1308,2101.39,91.20,4,58.38,7
S-1309,1965.78,-110.66,7,62.08,4
S-1310,70.52,9.62,1,36.06,1
S-1311,306.67,15.73,1,67.03,1
S-1312,120679.20,19.96,,37.91,0
S-1313,393.21,17.72,0,57.77,0
S-1314,323.53,21.17,0,34.18,1
S-1315,855.37,39.39,0,91.82,4
S-1316,2761298.93,117.82,4,65.96,6
S-1317,382977.57,18.56,0,35.37,1
S-1318,3808261.05,89.87,6,73.23,4
S-1319,2170.94,96.42,5,53.83,7
S-1320,2607.07,99.10,5,78.79,4
S-1321,1326.89,53.62,,77.04,4
S-1322,2115.67,-107.49,,68.01,4
S-1323,2481195.52,110.71,2,57.99,5
S-1324,2054.28,83.89,6,62.91,5
S-1325,430.51,18.15,0,10.00,1
S-1326,2196.44,100.37,5,72.23,5
S-1327,962.48,39.74,,100.00,4
S-1328,1335650.67,43.10,0,84.69,4
S-1329,1162.38,69.57,2,73.66,3
S-1330,270.81,9.64,1,54.16,3
S-1331,360.41,20.87,0,24.44,2
S-1332,1887.73,96.64,6,35.34,4
S-1333,282.50,12.92,1,55.68,3
S-1334,365.63,11.99,1,16.86,2
S-1335,1969.81,121.01,5,79.76,6
S-1336,1515.31,62.37,,85.44,4
S-1337,2793.69,81.11,,61.11,4
S-1338,2933.76,58.97,2,40.34,6
S-1339,2282.98,123.51,3,85.74,5
S-1340,1086.22,62.13,2,84.11,3
S-1341,880.92,57.25,0,90.39,4
S-1342,2654728.41,89.50,5,100.00,4
S-1343,3643.96,87.10,7,71.17,6
S-1344,522.98,10.20,2,10.00,0
S-1345,985.27,66.66,0,92.59,6
S-1346,3186.41,-94.96,,100.00,4
S-1347,2583.82,114.16,5,76.48,4
S-1348,1201.32,50.89,2,96.33,2
S-1349,170.44,8.03,1,40.01,0
S-1350,2199.15,67.00,,76.81,3
S-1351,309.19,14.86,0,37.30,1
S-1352,1159074.17,55.73,1,100.00,6
S-1353,2528.39,55.93,7,67.40,3
S-1354,247.78,12.38,1,44.03,2
S-1355,4090.42,-103.52,8,57.10,6
S-1356,237351.50,24.67,1,39.58,2
S-1357,2318.79,92.44,6,71.77,5
S-1358,1235.10,46.82,1,100.00,2
S-1359,445.72,11.04,1,35.68,0
S-1360,2986.83,120.28,3,97.74,5
S-1361,2845.46,68.26,7,49.51,5
S-1362,2937.84,127.37,4,67.07,6
S-1363,2806.39,62.97,9,52.88,4
S-1364,1031.88,36.82,3,98.71,5
S-1365,2804.40,100.17,4,95.24,4
S-1366,1411.80,37.77,2,86.39,5
S-1367,1340.68,54.30,2,75.91,5
S-1368,2681.16,85.99,6,64.46,4
S-1369,205.62,7.36,1,56.46,0
S-1370,2570.82,67.44,2,67.99,5
S-1371,1303730.10,34.68,0,77.99,4
S-1372,2441.82,78.24,8,66.96,4
S-1373,2762.07,77.27,5,62.77,6
S-1374,373.23,16.36,,15.59,0
S-1375,1853.76,58.93,0,80.98,4
S-1376,1401.83,107.32,5,50.51,5
S-1377,292.31,23.37,1,69.44,0
S-1378,234.33,12.76,0,22.15,1
S-1379,305.51,5.00,0,67.08,0
S-1380,606.36,39.11,,100.00,5
S-1381,155.45,16.63,0,33.30,0
S-1382,948.14,-33.99,2,100.00,5
S-1383,1608.55,44.46,1,96.29,4
S-1384,2151212.31,93.90,7,80.11,5
S-1385,2706.78,121.33,8,81.00,4
S-1386,2349.53,92.43,8,60.23,5
S-1387,284.86,11.50,1,19.33,2
S-1388,2230.30,115.78,6,54.57,3
S-1389,3305.94,82.77,9,81.68,4
S-1390,1557.49,57.24,0,83.81,4
S-1391,430.54,5.65,0,23.24,1
S-1392,221.83,16.45,0,48.27,2
S-1393,958.24,61.65,1,95.39,3
S-1394,2865.01,96.04,2,81.45,4
S-1395,3011.49,95.36,4,62.78,4
S-1396,333.83,16.91,1,29.79,3
S-1397,239.87,9.19,0,43.63,0
S-1398,1092.74,44.76,1,85.22,4
S-1399,338.20,21.56,1,50.57,0
S-1400,384.55,8.95,1,40.93,1
S-1401,1721.26,-101.61,3,67.85,5
S-1402,3086.05,100.92,7,100.00,5
S-1403,758.16,42.31,3,99.64,4
S-1404,2848.49,94.61,4,73.04,5
S-1405,1447.01,55.43,0,89.00,5
S-1406,2270.38,90.04,4,80.84,7
S-1407,984.96,46.19,,92.01,5
S-1408,154416.25,8.67,0,20.68,1
S-1409,2892.59,54.67,5,80.68,4
S-1410,1504.67,34.39,0,100.00,4
S-1411,547.57,50.95,0,84.05,3
S-1412,1025.82,34.64,0,96.51,3
S-1413,246.05,14.36,0,46.01,0
S-1414,1234010.17,53.91,0,86.14,4
S-1415,2731.41,105.29,6,66.65,5
S-1416,211.64,17.17,,48.03,2
S-1417,360.84,20.50,1,27.70,2
S-1418,3011732.21,98.65,3,49.84,7
S-1419,368.16,14.36,0,52.74,2
S-1420,2527.07,80.71,,50.97,5
S-1421,792.25,30.00,2,84.70,6
S-1422,102.47,20.79,1,52.64,2
S-1423,1271.79,34.07,0,95.42,3
S-1424,1318.58,37.59,1,100.00,3
S-1425,191.65,9.22,0,58.90,1
S-1426,2680.90,81.88,2,61.06,5
S-1427,2902.23,105.90,5,73.37,5
S-1428,2926.38,64.39,6,48.74,3
S-1429,1315.86,38.37,1,100.00,3
S-1430,1584.54,49.18,1,87.62,4
S-1431,2232.92,81.46,3,46.84,5
S-1432,1164.61,62.24,1,87.07,5
S-1433,1612.23,102.72,5,61.08,6
S-1434,318.52,6.56,1,30.94,2
S-1435,2585957.83,87.14,6,67.25,4
S-1436,1613.02,49.24,2,85.53,5
S-1437,1925.67,74.80,,98.33,5
S-1438,1364225.85,44.67,1,82.50,4
S-1439,3306.52,58.25,6,64.77,6
S-1440,2046.43,71.89,8,69.42,4
S-1441,2401.87,-77.09,5,37.42,6
S-1442,178.60,16.12,1,29.14,0
S-1443,56.63,26.19,1,47.29,0
S-1444,2115.63,84.43,10,71.70,4
S-1445,2677201.38,100.95,7,64.23,6
S-1446,187.83,13.79,1,21.81,0
S-1447,1729.85,89.82,8,75.60,5
S-1448,238.19,10.55,1,42.28,0
S-1449,764.86,52.09,0,92.41,4
S-1450,2998.83,69.94,2,46.93,4
S-1451,1508756.23,51.87,,86.81,5
S-1452,2947.20,90.03,3,79.96,7
S-1453,1462.62,41.02,1,83.08,4
S-1454,118.52,21.94,1,46.86,2
S-1455,2247.61,-82.54,5,87.50,3
S-1456,187.64,19.32,0,47.18,0
S-1457,1234.72,44.24,1,90.56,4
S-1458,2871.86,90.33,4,65.44,5
S-1459,2522.58,56.65,7,89.06,6
S-1460,399.49,14.18,1,35.42,3
S-1461,2029.04,81.18,4,57.58,6
S-1462,2190.62,77.95,4,56.15,4
S-1463,2017.23,128.71,2,78.58,5
S-1464,1635.72,30.00,0,89.68,4
S-1465,207.64,14.52,0,37.91,0
S-1466,2875.07,76.95,7,74.28,5
S-1467,340.39,17.61,0,59.51,1
S-1468,1554.04,62.40,5,68.23,5
S-1469,2977.03,79.25,,65.43,7
S-1470,1015.07,44.96,1,100.00,3
S-1471,2569.29,112.43,5,90.43,6
S-1472,2598.63,101.24,4,63.20,6
S-1473,298.92,19.62,0,57.14,1
S-1474,3150.48,122.56,6,71.82,3
S-1475,2339.45,-122.64,7,62.40,7
S-1476,801821.61,59.93,1,87.59,3
S-1477,2189.02,105.83,2,34.28,7
S-1478,1100.05,32.96,0,90.71,5
S-1479,2651.93,131.16,7,66.79,5
S-1480,1770.09,113.77,,57.98,4
S-1481,1107.44,52.92,2,80.74,5
S-1482,237.15,19.48,0,35.36,0
S-1483,3220.11,88.20,7,44.97,4
S-1484,969.57,44.72,2,81.63,5
S-1485,2304.06,109.99,7,78.15,5
S-1486,1705.23,112.52,9,75.19,4
S-1487,3104.62,82.42,3,69.64,5
S-1488,1681.72,30.00,0,91.55,3
S-1489,2655.39,116.48,4,86.14,4
S-1490,1102.43,49.54,1,98.81,5
S-1491,155.52,9.12,0,50.28,3
S-1492,1331.96,-49.35,2,94.59,6
S-1493,2214.33,124.95,,74.74,4
S-1494,947195.90,39.37,1,96.83,5
S-1495,282.84,19.20,0,32.91,1
S-1496,2718.64,79.40,4,60.34,4
S-1497,2469.47,103.55,4,80.55,4
S-1498,1241.80,51.27,2,89.44,4
S-1499,1317.03,30.00,,91.74,6
S-1500,1298.39,45.73,0,86.21,3
